season,round,circuit_id,weather,weather_warm,weather_cold,weather_dry,weather_wet,weather_cloudy
1950,1,silverstone,not found,0,0,0,0,0
1950,2,monaco,not found,0,0,0,0,0
1950,3,indianapolis,not found,0,0,0,0,0
1950,4,bremgarten,not found,0,0,0,0,0
1950,5,spa,not found,0,0,0,0,0
1950,6,reims,not found,0,0,0,0,0
1950,7,monza,not found,0,0,0,0,0
1951,1,bremgarten,not found,0,0,0,0,0
1951,2,indianapolis,not found,0,0,0,0,0
1951,3,spa,not found,0,0,0,0,0
1951,4,reims,not found,0,0,0,0,0
1951,5,silverstone,not found,0,0,0,0,0
1951,6,nurburgring,not found,0,0,0,0,0
1951,7,monza,not found,0,0,0,0,0
1951,8,pedralbes,not found,0,0,0,0,0
1952,1,bremgarten,not found,0,0,0,0,0
1952,2,indianapolis,not found,0,0,0,0,0
1952,3,spa,not found,0,0,0,0,0
1952,4,essarts,not found,0,0,0,0,0
1952,5,silverstone,not found,0,0,0,0,0
1952,6,nurburgring,not found,0,0,0,0,0
1952,7,zandvoort,not found,0,0,0,0,0
1952,8,monza,not found,0,0,0,0,0
1953,1,galvez,not found,0,0,0,0,0
1953,2,indianapolis,not found,0,0,0,0,0
1953,3,zandvoort,not found,0,0,0,0,0
1953,4,spa,not found,0,0,0,0,0
1953,5,reims,not found,0,0,0,0,0
1953,6,silverstone,not found,0,0,0,0,0
1953,7,nurburgring,not found,0,0,0,0,0
1953,8,bremgarten,not found,0,0,0,0,0
1953,9,monza,not found,0,0,0,0,0
1954,1,galvez,not found,0,0,0,0,0
1954,2,indianapolis,not found,0,0,0,0,0
1954,3,spa,not found,0,0,0,0,0
1954,4,reims,not found,0,0,0,0,0
1954,5,silverstone,not found,0,0,0,0,0
1954,6,nurburgring,not found,0,0,0,0,0
1954,7,bremgarten,not found,0,0,0,0,0
1954,8,monza,not found,0,0,0,0,0
1954,9,pedralbes,not found,0,0,0,0,0
1955,1,galvez,not found,0,0,0,0,0
1955,2,monaco,not found,0,0,0,0,0
1955,3,indianapolis,not found,0,0,0,0,0
1955,4,spa,not found,0,0,0,0,0
1955,5,zandvoort,not found,0,0,0,0,0
1955,6,aintree,not found,0,0,0,0,0
1955,7,monza,not found,0,0,0,0,0
1956,1,galvez,not found,0,0,0,0,0
1956,2,monaco,not found,0,0,0,0,0
1956,3,indianapolis,not found,0,0,0,0,0
1956,4,spa,not found,0,0,0,0,0
1956,5,reims,not found,0,0,0,0,0
1956,6,silverstone,not found,0,0,0,0,0
1956,7,nurburgring,not found,0,0,0,0,0
1956,8,monza,not found,0,0,0,0,0
1957,1,galvez,not found,0,0,0,0,0
1957,2,monaco,not found,0,0,0,0,0
1957,3,indianapolis,not found,0,0,0,0,0
1957,4,essarts,not found,0,0,0,0,0
1957,5,aintree,not found,0,0,0,0,0
1957,6,nurburgring,not found,0,0,0,0,0
1957,7,pescara,not found,0,0,0,0,0
1957,8,monza,not found,0,0,0,0,0
1958,1,galvez,not found,0,0,0,0,0
1958,2,monaco,not found,0,0,0,0,0
1958,3,zandvoort,not found,0,0,0,0,0
1958,4,indianapolis,not found,0,0,0,0,0
1958,5,spa,not found,0,0,0,0,0
1958,6,reims,not found,0,0,0,0,0
1958,7,silverstone,not found,0,0,0,0,0
1958,8,nurburgring,not found,0,0,0,0,0
1958,9,boavista,not found,0,0,0,0,0
1958,10,monza,not found,0,0,0,0,0
1958,11,ain-diab,not found,0,0,0,0,0
1959,1,monaco,not found,0,0,0,0,0
1959,2,indianapolis,not found,0,0,0,0,0
1959,3,zandvoort,not found,0,0,0,0,0
1959,4,reims,not found,0,0,0,0,0
1959,5,aintree,not found,0,0,0,0,0
1959,6,avus,not found,0,0,0,0,0
1959,7,monsanto,not found,0,0,0,0,0
1959,8,monza,not found,0,0,0,0,0
1959,9,sebring,not found,0,0,0,0,0
1960,1,galvez,not found,0,0,0,0,0
1960,2,monaco,not found,0,0,0,0,0
1960,3,indianapolis,not found,0,0,0,0,0
1960,4,zandvoort,not found,0,0,0,0,0
1960,5,spa,not found,0,0,0,0,0
1960,6,reims,not found,0,0,0,0,0
1960,7,silverstone,not found,0,0,0,0,0
1960,8,boavista,not found,0,0,0,0,0
1960,9,monza,not found,0,0,0,0,0
1960,10,riverside,not found,0,0,0,0,0
1961,1,monaco,not found,0,0,0,0,0
1961,2,zandvoort,not found,0,0,0,0,0
1961,3,spa,not found,0,0,0,0,0
1961,4,reims,not found,0,0,0,0,0
1961,5,aintree,not found,0,0,0,0,0
1961,6,nurburgring,not found,0,0,0,0,0
1961,7,monza,not found,0,0,0,0,0
1961,8,watkins_glen,not found,0,0,0,0,0
1962,1,zandvoort,not found,0,0,0,0,0
1962,2,monaco,not found,0,0,0,0,0
1962,3,spa,not found,0,0,0,0,0
1962,4,essarts,not found,0,0,0,0,0
1962,5,aintree,not found,0,0,0,0,0
1962,6,nurburgring,not found,0,0,0,0,0
1962,7,monza,not found,0,0,0,0,0
1962,8,watkins_glen,not found,0,0,0,0,0
1962,9,george,not found,0,0,0,0,0
1963,1,monaco,not found,0,0,0,0,0
1963,2,spa,not found,0,0,0,0,0
1963,3,zandvoort,not found,0,0,0,0,0
1963,4,reims,not found,0,0,0,0,0
1963,5,silverstone,not found,0,0,0,0,0
1963,6,nurburgring,not found,0,0,0,0,0
1963,7,monza,not found,0,0,0,0,0
1963,8,watkins_glen,not found,0,0,0,0,0
1963,9,rodriguez,not found,0,0,0,0,0
1963,10,george,not found,0,0,0,0,0
1964,1,monaco,not found,0,0,0,0,0
1964,2,zandvoort,not found,0,0,0,0,0
1964,3,spa,not found,0,0,0,0,0
1964,4,essarts,not found,0,0,0,0,0
1964,5,brands_hatch,not found,0,0,0,0,0
1964,6,nurburgring,not found,0,0,0,0,0
1964,7,zeltweg,not found,0,0,0,0,0
1964,8,monza,not found,0,0,0,0,0
1964,9,watkins_glen,not found,0,0,0,0,0
1964,10,rodriguez,not found,0,0,0,0,0
1965,1,george,not found,0,0,0,0,0
1965,2,monaco,not found,0,0,0,0,0
1965,3,spa,not found,0,0,0,0,0
1965,4,charade,not found,0,0,0,0,0
1965,5,silverstone,not found,0,0,0,0,0
1965,6,zandvoort,not found,0,0,0,0,0
1965,7,nurburgring,not found,0,0,0,0,0
1965,8,monza,not found,0,0,0,0,0
1965,9,watkins_glen,not found,0,0,0,0,0
1965,10,rodriguez,not found,0,0,0,0,0
1966,1,monaco,not found,0,0,0,0,0
1966,2,spa,not found,0,0,0,0,0
1966,3,reims,not found,0,0,0,0,0
1966,4,brands_hatch,not found,0,0,0,0,0
1966,5,zandvoort,not found,0,0,0,0,0
1966,6,nurburgring,not found,0,0,0,0,0
1966,7,monza,not found,0,0,0,0,0
1966,8,watkins_glen,not found,0,0,0,0,0
1966,9,rodriguez,not found,0,0,0,0,0
1967,1,kyalami,not found,0,0,0,0,0
1967,2,monaco,not found,0,0,0,0,0
1967,3,zandvoort,not found,0,0,0,0,0
1967,4,spa,not found,0,0,0,0,0
1967,5,lemans,not found,0,0,0,0,0
1967,6,silverstone,not found,0,0,0,0,0
1967,7,nurburgring,not found,0,0,0,0,0
1967,8,mosport,not found,0,0,0,0,0
1967,9,monza,not found,0,0,0,0,0
1967,10,watkins_glen,not found,0,0,0,0,0
1967,11,rodriguez,not found,0,0,0,0,0
1968,1,kyalami,not found,0,0,0,0,0
1968,2,jarama,not found,0,0,0,0,0
1968,3,monaco,not found,0,0,0,0,0
1968,4,spa,not found,0,0,0,0,0
1968,5,zandvoort,not found,0,0,0,0,0
1968,6,essarts,not found,0,0,0,0,0
1968,7,brands_hatch,not found,0,0,0,0,0
1968,8,nurburgring,not found,0,0,0,0,0
1968,9,monza,not found,0,0,0,0,0
1968,10,tremblant,not found,0,0,0,0,0
1968,11,watkins_glen,not found,0,0,0,0,0
1968,12,rodriguez,not found,0,0,0,0,0
1969,1,kyalami,not found,0,0,0,0,0
1969,2,montjuic,not found,0,0,0,0,0
1969,3,monaco,not found,0,0,0,0,0
1969,4,zandvoort,not found,0,0,0,0,0
1969,5,charade,not found,0,0,0,0,0
1969,6,silverstone,not found,0,0,0,0,0
1969,7,nurburgring,not found,0,0,0,0,0
1969,8,monza,not found,0,0,0,0,0
1969,9,mosport,not found,0,0,0,0,0
1969,10,watkins_glen,not found,0,0,0,0,0
1969,11,rodriguez,not found,0,0,0,0,0
1970,1,kyalami,not found,0,0,0,0,0
1970,2,jarama,not found,0,0,0,0,0
1970,3,monaco,not found,0,0,0,0,0
1970,4,spa,not found,0,0,0,0,0
1970,5,zandvoort,not found,0,0,0,0,0
1970,6,charade,not found,0,0,0,0,0
1970,7,brands_hatch,not found,0,0,0,0,0
1970,8,hockenheimring,not found,0,0,0,0,0
1970,9,osterreichring,not found,0,0,0,0,0
1970,10,monza,not found,0,0,0,0,0
1970,11,tremblant,not found,0,0,0,0,0
1970,12,watkins_glen,not found,0,0,0,0,0
1970,13,rodriguez,not found,0,0,0,0,0
1971,1,kyalami,not found,0,0,0,0,0
1971,2,montjuic,not found,0,0,0,0,0
1971,3,monaco,not found,0,0,0,0,0
1971,4,zandvoort,not found,0,0,0,0,0
1971,5,ricard,not found,0,0,0,0,0
1971,6,silverstone,not found,0,0,0,0,0
1971,7,nurburgring,not found,0,0,0,0,0
1971,8,osterreichring,not found,0,0,0,0,0
1971,9,monza,not found,0,0,0,0,0
1971,10,mosport,not found,0,0,0,0,0
1971,11,watkins_glen,not found,0,0,0,0,0
1972,1,galvez,not found,0,0,0,0,0
1972,2,kyalami,not found,0,0,0,0,0
1972,3,jarama,not found,0,0,0,0,0
1972,4,monaco,not found,0,0,0,0,0
1972,5,nivelles,not found,0,0,0,0,0
1972,6,charade,not found,0,0,0,0,0
1972,7,brands_hatch,not found,0,0,0,0,0
1972,8,nurburgring,not found,0,0,0,0,0
1972,9,osterreichring,not found,0,0,0,0,0
1972,10,monza,not found,0,0,0,0,0
1972,11,mosport,not found,0,0,0,0,0
1972,12,watkins_glen,not found,0,0,0,0,0
1973,1,galvez,not found,0,0,0,0,0
1973,2,interlagos,not found,0,0,0,0,0
1973,3,kyalami,not found,0,0,0,0,0
1973,4,montjuic,not found,0,0,0,0,0
1973,5,zolder,not found,0,0,0,0,0
1973,6,monaco,not found,0,0,0,0,0
1973,7,anderstorp,not found,0,0,0,0,0
1973,8,ricard,not found,0,0,0,0,0
1973,9,silverstone,not found,0,0,0,0,0
1973,10,zandvoort,not found,0,0,0,0,0
1973,11,nurburgring,not found,0,0,0,0,0
1973,12,osterreichring,not found,0,0,0,0,0
1973,13,monza,not found,0,0,0,0,0
1973,14,mosport,not found,0,0,0,0,0
1973,15,watkins_glen,not found,0,0,0,0,0
1974,1,galvez,not found,0,0,0,0,0
1974,2,interlagos,not found,0,0,0,0,0
1974,3,kyalami,not found,0,0,0,0,0
1974,4,jarama,not found,0,0,0,0,0
1974,5,nivelles,not found,0,0,0,0,0
1974,6,monaco,not found,0,0,0,0,0
1974,7,anderstorp,not found,0,0,0,0,0
1974,8,zandvoort,not found,0,0,0,0,0
1974,9,dijon,not found,0,0,0,0,0
1974,10,brands_hatch,not found,0,0,0,0,0
1974,11,nurburgring,not found,0,0,0,0,0
1974,12,osterreichring,not found,0,0,0,0,0
1974,13,monza,not found,0,0,0,0,0
1974,14,mosport,not found,0,0,0,0,0
1974,15,watkins_glen,not found,0,0,0,0,0
1975,1,galvez,not found,0,0,0,0,0
1975,2,interlagos,not found,0,0,0,0,0
1975,3,kyalami,not found,0,0,0,0,0
1975,4,montjuic,not found,0,0,0,0,0
1975,5,monaco,not found,0,0,0,0,0
1975,6,zolder,not found,0,0,0,0,0
1975,7,anderstorp,not found,0,0,0,0,0
1975,8,zandvoort,not found,0,0,0,0,0
1975,9,ricard,not found,0,0,0,0,0
1975,10,silverstone,not found,0,0,0,0,0
1975,11,nurburgring,not found,0,0,0,0,0
1975,12,osterreichring,not found,0,0,0,0,0
1975,13,monza,not found,0,0,0,0,0
1975,14,watkins_glen,not found,0,0,0,0,0
1976,1,interlagos,not found,0,0,0,0,0
1976,2,kyalami,not found,0,0,0,0,0
1976,3,long_beach,not found,0,0,0,0,0
1976,4,jarama,not found,0,0,0,0,0
1976,5,zolder,not found,0,0,0,0,0
1976,6,monaco,not found,0,0,0,0,0
1976,7,anderstorp,not found,0,0,0,0,0
1976,8,ricard,not found,0,0,0,0,0
1976,9,brands_hatch,not found,0,0,0,0,0
1976,10,nurburgring,not found,0,0,0,0,0
1976,11,osterreichring,not found,0,0,0,0,0
1976,12,zandvoort,not found,0,0,0,0,0
1976,13,monza,not found,0,0,0,0,0
1976,14,mosport,not found,0,0,0,0,0
1976,15,watkins_glen,not found,0,0,0,0,0
1976,16,fuji,not found,0,0,0,0,0
1977,1,galvez,not found,0,0,0,0,0
1977,2,interlagos,not found,0,0,0,0,0
1977,3,kyalami,not found,0,0,0,0,0
1977,4,long_beach,not found,0,0,0,0,0
1977,5,jarama,not found,0,0,0,0,0
1977,6,monaco,not found,0,0,0,0,0
1977,7,zolder,not found,0,0,0,0,0
1977,8,anderstorp,not found,0,0,0,0,0
1977,9,dijon,not found,0,0,0,0,0
1977,10,silverstone,not found,0,0,0,0,0
1977,11,hockenheimring,not found,0,0,0,0,0
1977,12,osterreichring,not found,0,0,0,0,0
1977,13,zandvoort,not found,0,0,0,0,0
1977,14,monza,not found,0,0,0,0,0
1977,15,watkins_glen,not found,0,0,0,0,0
1977,16,mosport,not found,0,0,0,0,0
1977,17,fuji,not found,0,0,0,0,0
1978,1,galvez,not found,0,0,0,0,0
1978,2,jacarepagua,not found,0,0,0,0,0
1978,3,kyalami,not found,0,0,0,0,0
1978,4,long_beach,not found,0,0,0,0,0
1978,5,monaco,not found,0,0,0,0,0
1978,6,zolder,not found,0,0,0,0,0
1978,7,jarama,not found,0,0,0,0,0
1978,8,anderstorp,not found,0,0,0,0,0
1978,9,ricard,not found,0,0,0,0,0
1978,10,brands_hatch,not found,0,0,0,0,0
1978,11,hockenheimring,not found,0,0,0,0,0
1978,12,osterreichring,not found,0,0,0,0,0
1978,13,zandvoort,not found,0,0,0,0,0
1978,14,monza,not found,0,0,0,0,0
1978,15,watkins_glen,not found,0,0,0,0,0
1978,16,villeneuve,not found,0,0,0,0,0
1979,1,galvez,not found,0,0,0,0,0
1979,2,interlagos,not found,0,0,0,0,0
1979,3,kyalami,not found,0,0,0,0,0
1979,4,long_beach,not found,0,0,0,0,0
1979,5,jarama,not found,0,0,0,0,0
1979,6,zolder,not found,0,0,0,0,0
1979,7,monaco,not found,0,0,0,0,0
1979,8,dijon,not found,0,0,0,0,0
1979,9,silverstone,not found,0,0,0,0,0
1979,10,hockenheimring,not found,0,0,0,0,0
1979,11,osterreichring,not found,0,0,0,0,0
1979,12,zandvoort,not found,0,0,0,0,0
1979,13,monza,not found,0,0,0,0,0
1979,14,villeneuve,not found,0,0,0,0,0
1979,15,watkins_glen,not found,0,0,0,0,0
1980,1,galvez,not found,0,0,0,0,0
1980,2,interlagos,not found,0,0,0,0,0
1980,3,kyalami,not found,0,0,0,0,0
1980,4,long_beach,not found,0,0,0,0,0
1980,5,zolder,not found,0,0,0,0,0
1980,6,monaco,not found,0,0,0,0,0
1980,7,ricard,not found,0,0,0,0,0
1980,8,brands_hatch,not found,0,0,0,0,0
1980,9,hockenheimring,not found,0,0,0,0,0
1980,10,osterreichring,not found,0,0,0,0,0
1980,11,zandvoort,not found,0,0,0,0,0
1980,12,imola,not found,0,0,0,0,0
1980,13,villeneuve,not found,0,0,0,0,0
1980,14,watkins_glen,not found,0,0,0,0,0
1981,1,long_beach,not found,0,0,0,0,0
1981,2,jacarepagua,not found,0,0,0,0,0
1981,3,galvez,not found,0,0,0,0,0
1981,4,imola,not found,0,0,0,0,0
1981,5,zolder,not found,0,0,0,0,0
1981,6,monaco,not found,0,0,0,0,0
1981,7,jarama,not found,0,0,0,0,0
1981,8,dijon,not found,0,0,0,0,0
1981,9,silverstone,not found,0,0,0,0,0
1981,10,hockenheimring,not found,0,0,0,0,0
1981,11,osterreichring,not found,0,0,0,0,0
1981,12,zandvoort,not found,0,0,0,0,0
1981,13,monza,not found,0,0,0,0,0
1981,14,villeneuve,not found,0,0,0,0,0
1981,15,las_vegas,not found,0,0,0,0,0
1982,1,kyalami,not found,0,0,0,0,0
1982,2,jacarepagua,not found,0,0,0,0,0
1982,3,long_beach,not found,0,0,0,0,0
1982,4,imola,not found,0,0,0,0,0
1982,5,zolder,not found,0,0,0,0,0
1982,6,monaco,not found,0,0,0,0,0
1982,7,detroit,not found,0,0,0,0,0
1982,8,villeneuve,not found,0,0,0,0,0
1982,9,zandvoort,not found,0,0,0,0,0
1982,10,brands_hatch,not found,0,0,0,0,0
1982,11,ricard,not found,0,0,0,0,0
1982,12,hockenheimring,not found,0,0,0,0,0
1982,13,osterreichring,not found,0,0,0,0,0
1982,14,dijon,not found,0,0,0,0,0
1982,15,monza,not found,0,0,0,0,0
1982,16,las_vegas,not found,0,0,0,0,0
1983,1,jacarepagua,not found,0,0,0,0,0
1983,2,long_beach,not found,0,0,0,0,0
1983,3,ricard,not found,0,0,0,0,0
1983,4,imola,not found,0,0,0,0,0
1983,5,monaco,not found,0,0,0,0,0
1983,6,spa,not found,0,0,0,0,0
1983,7,detroit,not found,0,0,0,0,0
1983,8,villeneuve,not found,0,0,0,0,0
1983,9,silverstone,not found,0,0,0,0,0
1983,10,hockenheimring,not found,0,0,0,0,0
1983,11,osterreichring,not found,0,0,0,0,0
1983,12,zandvoort,not found,0,0,0,0,0
1983,13,monza,not found,0,0,0,0,0
1983,14,brands_hatch,not found,0,0,0,0,0
1983,15,kyalami,not found,0,0,0,0,0
1984,1,jacarepagua,not found,0,0,0,0,0
1984,2,kyalami,not found,0,0,0,0,0
1984,3,zolder,not found,0,0,0,0,0
1984,4,imola,not found,0,0,0,0,0
1984,5,dijon,not found,0,0,0,0,0
1984,6,monaco,not found,0,0,0,0,0
1984,7,villeneuve,not found,0,0,0,0,0
1984,8,detroit,not found,0,0,0,0,0
1984,9,dallas,not found,0,0,0,0,0
1984,10,brands_hatch,not found,0,0,0,0,0
1984,11,hockenheimring,not found,0,0,0,0,0
1984,12,osterreichring,not found,0,0,0,0,0
1984,13,zandvoort,not found,0,0,0,0,0
1984,14,monza,not found,0,0,0,0,0
1984,15,nurburgring,not found,0,0,0,0,0
1984,16,estoril,not found,0,0,0,0,0
1985,1,jacarepagua,not found,0,0,0,0,0
1985,2,estoril,not found,0,0,0,0,0
1985,3,imola,not found,0,0,0,0,0
1985,4,monaco,not found,0,0,0,0,0
1985,5,villeneuve,not found,0,0,0,0,0
1985,6,detroit,not found,0,0,0,0,0
1985,7,ricard,not found,0,0,0,0,0
1985,8,silverstone,not found,0,0,0,0,0
1985,9,nurburgring,not found,0,0,0,0,0
1985,10,osterreichring,not found,0,0,0,0,0
1985,11,zandvoort,not found,0,0,0,0,0
1985,12,monza,not found,0,0,0,0,0
1985,13,spa,not found,0,0,0,0,0
1985,14,brands_hatch,not found,0,0,0,0,0
1985,15,kyalami,not found,0,0,0,0,0
1985,16,adelaide,not found,0,0,0,0,0
1986,1,jacarepagua,not found,0,0,0,0,0
1986,2,jerez,not found,0,0,0,0,0
1986,3,imola,not found,0,0,0,0,0
1986,4,monaco,not found,0,0,0,0,0
1986,5,spa,not found,0,0,0,0,0
1986,6,villeneuve,not found,0,0,0,0,0
1986,7,detroit,not found,0,0,0,0,0
1986,8,ricard,not found,0,0,0,0,0
1986,9,brands_hatch,not found,0,0,0,0,0
1986,10,hockenheimring,not found,0,0,0,0,0
1986,11,hungaroring,not found,0,0,0,0,0
1986,12,osterreichring,not found,0,0,0,0,0
1986,13,monza,not found,0,0,0,0,0
1986,14,estoril,not found,0,0,0,0,0
1986,15,rodriguez,not found,0,0,0,0,0
1986,16,adelaide,not found,0,0,0,0,0
1987,1,jacarepagua,not found,0,0,0,0,0
1987,2,imola,not found,0,0,0,0,0
1987,3,spa,not found,0,0,0,0,0
1987,4,monaco,not found,0,0,0,0,0
1987,5,detroit,not found,0,0,0,0,0
1987,6,ricard,not found,0,0,0,0,0
1987,7,silverstone,not found,0,0,0,0,0
1987,8,hockenheimring,not found,0,0,0,0,0
1987,9,hungaroring,not found,0,0,0,0,0
1987,10,osterreichring,not found,0,0,0,0,0
1987,11,monza,not found,0,0,0,0,0
1987,12,estoril,not found,0,0,0,0,0
1987,13,jerez,not found,0,0,0,0,0
1987,14,rodriguez,not found,0,0,0,0,0
1987,15,suzuka,not found,0,0,0,0,0
1987,16,adelaide,not found,0,0,0,0,0
1988,1,jacarepagua,not found,0,0,0,0,0
1988,2,imola,not found,0,0,0,0,0
1988,3,monaco,not found,0,0,0,0,0
1988,4,rodriguez,not found,0,0,0,0,0
1988,5,villeneuve,not found,0,0,0,0,0
1988,6,detroit,not found,0,0,0,0,0
1988,7,ricard,not found,0,0,0,0,0
1988,8,silverstone,not found,0,0,0,0,0
1988,9,hockenheimring,not found,0,0,0,0,0
1988,10,hungaroring,not found,0,0,0,0,0
1988,11,spa,not found,0,0,0,0,0
1988,12,monza,not found,0,0,0,0,0
1988,13,estoril,not found,0,0,0,0,0
1988,14,jerez,not found,0,0,0,0,0
1988,15,suzuka,not found,0,0,0,0,0
1988,16,adelaide,not found,0,0,0,0,0
1989,1,jacarepagua,not found,0,0,0,0,0
1989,2,imola,not found,0,0,0,0,0
1989,3,monaco,not found,0,0,0,0,0
1989,4,rodriguez,not found,0,0,0,0,0
1989,5,phoenix,not found,0,0,0,0,0
1989,6,villeneuve,not found,0,0,0,0,0
1989,7,ricard,not found,0,0,0,0,0
1989,8,silverstone,not found,0,0,0,0,0
1989,9,hockenheimring,not found,0,0,0,0,0
1989,10,hungaroring,not found,0,0,0,0,0
1989,11,spa,not found,0,0,0,0,0
1989,12,monza,not found,0,0,0,0,0
1989,13,estoril,not found,0,0,0,0,0
1989,14,jerez,not found,0,0,0,0,0
1989,15,suzuka,not found,0,0,0,0,0
1989,16,adelaide,not found,0,0,0,0,0
1990,1,phoenix,not found,0,0,0,0,0
1990,2,interlagos,not found,0,0,0,0,0
1990,3,imola,not found,0,0,0,0,0
1990,4,monaco,not found,0,0,0,0,0
1990,5,villeneuve,not found,0,0,0,0,0
1990,6,rodriguez,not found,0,0,0,0,0
1990,7,ricard,not found,0,0,0,0,0
1990,8,silverstone,not found,0,0,0,0,0
1990,9,hockenheimring,not found,0,0,0,0,0
1990,10,hungaroring,not found,0,0,0,0,0
1990,11,spa,not found,0,0,0,0,0
1990,12,monza,not found,0,0,0,0,0
1990,13,estoril,not found,0,0,0,0,0
1990,14,jerez,not found,0,0,0,0,0
1990,15,suzuka,not found,0,0,0,0,0
1990,16,adelaide,not found,0,0,0,0,0
1991,1,phoenix,not found,0,0,0,0,0
1991,2,interlagos,not found,0,0,0,0,0
1991,3,imola,not found,0,0,0,0,0
1991,4,monaco,not found,0,0,0,0,0
1991,5,villeneuve,not found,0,0,0,0,0
1991,6,rodriguez,not found,0,0,0,0,0
1991,7,magny_cours,not found,0,0,0,0,0
1991,8,silverstone,not found,0,0,0,0,0
1991,9,hockenheimring,not found,0,0,0,0,0
1991,10,hungaroring,not found,0,0,0,0,0
1991,11,spa,not found,0,0,0,0,0
1991,12,monza,not found,0,0,0,0,0
1991,13,estoril,not found,0,0,0,0,0
1991,14,catalunya,not found,0,0,0,0,0
1991,15,suzuka,not found,0,0,0,0,0
1991,16,adelaide,not found,0,0,0,0,0
1992,1,kyalami,not found,0,0,0,0,0
1992,2,rodriguez,not found,0,0,0,0,0
1992,3,interlagos,not found,0,0,0,0,0
1992,4,catalunya,not found,0,0,0,0,0
1992,5,imola,not found,0,0,0,0,0
1992,6,monaco,not found,0,0,0,0,0
1992,7,villeneuve,not found,0,0,0,0,0
1992,8,magny_cours,not found,0,0,0,0,0
1992,9,silverstone,not found,0,0,0,0,0
1992,10,hockenheimring,not found,0,0,0,0,0
1992,11,hungaroring,not found,0,0,0,0,0
1992,12,spa,not found,0,0,0,0,0
1992,13,monza,not found,0,0,0,0,0
1992,14,estoril,not found,0,0,0,0,0
1992,15,suzuka,not found,0,0,0,0,0
1992,16,adelaide,not found,0,0,0,0,0
1993,1,kyalami,not found,0,0,0,0,0
1993,2,interlagos,not found,0,0,0,0,0
1993,3,donington,not found,0,0,0,0,0
1993,4,imola,not found,0,0,0,0,0
1993,5,catalunya,not found,0,0,0,0,0
1993,6,monaco,not found,0,0,0,0,0
1993,7,villeneuve,not found,0,0,0,0,0
1993,8,magny_cours,not found,0,0,0,0,0
1993,9,silverstone,not found,0,0,0,0,0
1993,10,hockenheimring,not found,0,0,0,0,0
1993,11,hungaroring,not found,0,0,0,0,0
1993,12,spa,not found,0,0,0,0,0
1993,13,monza,not found,0,0,0,0,0
1993,14,estoril,not found,0,0,0,0,0
1993,15,suzuka,not found,0,0,0,0,0
1993,16,adelaide,not found,0,0,0,0,0
1994,1,interlagos,not found,0,0,0,0,0
1994,2,okayama,not found,0,0,0,0,0
1994,3,imola,not found,0,0,0,0,0
1994,4,monaco,not found,0,0,0,0,0
1994,5,catalunya,not found,0,0,0,0,0
1994,6,villeneuve,not found,0,0,0,0,0
1994,7,magny_cours,not found,0,0,0,0,0
1994,8,silverstone,not found,0,0,0,0,0
1994,9,hockenheimring,not found,0,0,0,0,0
1994,10,hungaroring,not found,0,0,0,0,0
1994,11,spa,not found,0,0,0,0,0
1994,12,monza,not found,0,0,0,0,0
1994,13,estoril,not found,0,0,0,0,0
1994,14,jerez,not found,0,0,0,0,0
1994,15,suzuka,not found,0,0,0,0,0
1994,16,adelaide,not found,0,0,0,0,0
1995,1,interlagos,not found,0,0,0,0,0
1995,2,galvez,not found,0,0,0,0,0
1995,3,imola,not found,0,0,0,0,0
1995,4,catalunya,not found,0,0,0,0,0
1995,5,monaco,not found,0,0,0,0,0
1995,6,villeneuve,not found,0,0,0,0,0
1995,7,magny_cours,not found,0,0,0,0,0
1995,8,silverstone,not found,0,0,0,0,0
1995,9,hockenheimring,not found,0,0,0,0,0
1995,10,hungaroring,not found,0,0,0,0,0
1995,11,spa,not found,0,0,0,0,0
1995,12,monza,not found,0,0,0,0,0
1995,13,estoril,not found,0,0,0,0,0
1995,14,nurburgring,not found,0,0,0,0,0
1995,15,okayama,not found,0,0,0,0,0
1995,16,suzuka,not found,0,0,0,0,0
1995,17,adelaide,not found,0,0,0,0,0
1996,1,albert_park,not found,0,0,0,0,0
1996,2,interlagos,not found,0,0,0,0,0
1996,3,galvez,not found,0,0,0,0,0
1996,4,nurburgring,not found,0,0,0,0,0
1996,5,imola,not found,0,0,0,0,0
1996,6,monaco,not found,0,0,0,0,0
1996,7,catalunya,not found,0,0,0,0,0
1996,8,villeneuve,not found,0,0,0,0,0
1996,9,magny_cours,not found,0,0,0,0,0
1996,10,silverstone,not found,0,0,0,0,0
1996,11,hockenheimring,not found,0,0,0,0,0
1996,12,hungaroring,not found,0,0,0,0,0
1996,13,spa,not found,0,0,0,0,0
1996,14,monza,not found,0,0,0,0,0
1996,15,estoril,not found,0,0,0,0,0
1996,16,suzuka,not found,0,0,0,0,0
1997,1,albert_park,not found,0,0,0,0,0
1997,2,interlagos,not found,0,0,0,0,0
1997,3,galvez,not found,0,0,0,0,0
1997,4,imola,not found,0,0,0,0,0
1997,5,monaco,not found,0,0,0,0,0
1997,6,catalunya,not found,0,0,0,0,0
1997,7,villeneuve,not found,0,0,0,0,0
1997,8,magny_cours,not found,0,0,0,0,0
1997,9,silverstone,not found,0,0,0,0,0
1997,10,hockenheimring,not found,0,0,0,0,0
1997,11,hungaroring,not found,0,0,0,0,0
1997,12,spa,not found,0,0,0,0,0
1997,13,monza,not found,0,0,0,0,0
1997,14,osterreichring,not found,0,0,0,0,0
1997,15,nurburgring,not found,0,0,0,0,0
1997,16,suzuka,not found,0,0,0,0,0
1997,17,jerez,not found,0,0,0,0,0
1998,1,albert_park,not found,0,0,0,0,0
1998,2,interlagos,not found,0,0,0,0,0
1998,3,galvez,not found,0,0,0,0,0
1998,4,imola,not found,0,0,0,0,0
1998,5,catalunya,not found,0,0,0,0,0
1998,6,monaco,not found,0,0,0,0,0
1998,7,villeneuve,not found,0,0,0,0,0
1998,8,magny_cours,not found,0,0,0,0,0
1998,9,silverstone,not found,0,0,0,0,0
1998,10,osterreichring,not found,0,0,0,0,0
1998,11,hockenheimring,not found,0,0,0,0,0
1998,12,hungaroring,not found,0,0,0,0,0
1998,13,spa,not found,0,0,0,0,0
1998,14,monza,not found,0,0,0,0,0
1998,15,nurburgring,not found,0,0,0,0,0
1998,16,suzuka,not found,0,0,0,0,0
1999,1,albert_park,not found,0,0,0,0,0
1999,2,interlagos,not found,0,0,0,0,0
1999,3,imola,not found,0,0,0,0,0
1999,4,monaco,not found,0,0,0,0,0
1999,5,catalunya,not found,0,0,0,0,0
1999,6,villeneuve,not found,0,0,0,0,0
1999,7,magny_cours,not found,0,0,0,0,0
1999,8,silverstone,not found,0,0,0,0,0
1999,9,osterreichring,not found,0,0,0,0,0
1999,10,hockenheimring,not found,0,0,0,0,0
1999,11,hungaroring,not found,0,0,0,0,0
1999,12,spa,not found,0,0,0,0,0
1999,13,monza,not found,0,0,0,0,0
1999,14,nurburgring,not found,0,0,0,0,0
1999,15,sepang,not found,0,0,0,0,0
1999,16,suzuka,not found,0,0,0,0,0
2000,1,albert_park,not found,0,0,0,0,0
2000,2,interlagos,not found,0,0,0,0,0
2000,3,imola,not found,0,0,0,0,0
2000,4,silverstone,not found,0,0,0,0,0
2000,5,catalunya,not found,0,0,0,0,0
2000,6,nurburgring,not found,0,0,0,0,0
2000,7,monaco,not found,0,0,0,0,0
2000,8,villeneuve,not found,0,0,0,0,0
2000,9,magny_cours,not found,0,0,0,0,0
2000,10,osterreichring,not found,0,0,0,0,0
2000,11,hockenheimring,not found,0,0,0,0,0
2000,12,hungaroring,not found,0,0,0,0,0
2000,13,spa,not found,0,0,0,0,0
2000,14,monza,not found,0,0,0,0,0
2000,15,indianapolis,not found,0,0,0,0,0
2000,16,suzuka,not found,0,0,0,0,0
2000,17,sepang,not found,0,0,0,0,0
2001,1,albert_park,not found,0,0,0,0,0
2001,2,sepang,not found,0,0,0,0,0
2001,3,interlagos,not found,0,0,0,0,0
2001,4,imola,not found,0,0,0,0,0
2001,5,catalunya,not found,0,0,0,0,0
2001,6,osterreichring,not found,0,0,0,0,0
2001,7,monaco,not found,0,0,0,0,0
2001,8,villeneuve,not found,0,0,0,0,0
2001,9,nurburgring,not found,0,0,0,0,0
2001,10,magny_cours,not found,0,0,0,0,0
2001,11,silverstone,not found,0,0,0,0,0
2001,12,hockenheimring,not found,0,0,0,0,0
2001,13,hungaroring,not found,0,0,0,0,0
2001,14,spa,not found,0,0,0,0,0
2001,15,monza,not found,0,0,0,0,0
2001,16,indianapolis,not found,0,0,0,0,0
2001,17,suzuka,not found,0,0,0,0,0
2002,1,albert_park,not found,0,0,0,0,0
2002,2,sepang,not found,0,0,0,0,0
2002,3,interlagos,not found,0,0,0,0,0
2002,4,imola,not found,0,0,0,0,0
2002,5,catalunya,not found,0,0,0,0,0
2002,6,osterreichring,not found,0,0,0,0,0
2002,7,monaco,not found,0,0,0,0,0
2002,8,villeneuve,not found,0,0,0,0,0
2002,9,nurburgring,not found,0,0,0,0,0
2002,10,silverstone,not found,0,0,0,0,0
2002,11,magny_cours,not found,0,0,0,0,0
2002,12,hockenheimring,not found,0,0,0,0,0
2002,13,hungaroring,not found,0,0,0,0,0
2002,14,spa,not found,0,0,0,0,0
2002,15,monza,not found,0,0,0,0,0
2002,16,indianapolis,not found,0,0,0,0,0
2002,17,suzuka,not found,0,0,0,0,0
2003,1,albert_park,not found,0,0,0,0,0
2003,2,sepang,not found,0,0,0,0,0
2003,3,interlagos,not found,0,0,0,0,0
2003,4,imola,not found,0,0,0,0,0
2003,5,catalunya,not found,0,0,0,0,0
2003,6,osterreichring,not found,0,0,0,0,0
2003,7,monaco,not found,0,0,0,0,0
2003,8,villeneuve,not found,0,0,0,0,0
2003,9,nurburgring,not found,0,0,0,0,0
2003,10,magny_cours,not found,0,0,0,0,0
2003,11,silverstone,not found,0,0,0,0,0
2003,12,hockenheimring,not found,0,0,0,0,0
2003,13,hungaroring,not found,0,0,0,0,0
2003,14,monza,not found,0,0,0,0,0
2003,15,indianapolis,not found,0,0,0,0,0
2003,16,suzuka,not found,0,0,0,0,0
2004,1,albert_park,not found,0,0,0,0,0
2004,2,sepang,not found,0,0,0,0,0
2004,3,bahrain,not found,0,0,0,0,0
2004,4,imola,not found,0,0,0,0,0
2004,5,catalunya,not found,0,0,0,0,0
2004,6,monaco,not found,0,0,0,0,0
2004,7,nurburgring,not found,0,0,0,0,0
2004,8,villeneuve,not found,0,0,0,0,0
2004,9,indianapolis,not found,0,0,0,0,0
2004,10,magny_cours,not found,0,0,0,0,0
2004,11,silverstone,not found,0,0,0,0,0
2004,12,hockenheimring,not found,0,0,0,0,0
2004,13,hungaroring,not found,0,0,0,0,0
2004,14,spa,not found,0,0,0,0,0
2004,15,monza,not found,0,0,0,0,0
2004,16,shanghai,not found,0,0,0,0,0
2004,17,suzuka,not found,0,0,0,0,0
2004,18,interlagos,not found,0,0,0,0,0
2005,1,albert_park,not found,0,0,0,0,0
2005,2,sepang,not found,0,0,0,0,0
2005,3,bahrain,not found,0,0,0,0,0
2005,4,imola,not found,0,0,0,0,0
2005,5,catalunya,not found,0,0,0,0,0
2005,6,monaco,not found,0,0,0,0,0
2005,7,nurburgring,not found,0,0,0,0,0
2005,8,villeneuve,not found,0,0,0,0,0
2005,9,indianapolis,not found,0,0,0,0,0
2005,10,magny_cours,not found,0,0,0,0,0
2005,11,silverstone,not found,0,0,0,0,0
2005,12,hockenheimring,not found,0,0,0,0,0
2005,13,hungaroring,not found,0,0,0,0,0
2005,14,istanbul,not found,0,0,0,0,0
2005,15,monza,not found,0,0,0,0,0
2005,16,spa,not found,0,0,0,0,0
2005,17,interlagos,not found,0,0,0,0,0
2005,18,suzuka,not found,0,0,0,0,0
2005,19,shanghai,not found,0,0,0,0,0
2006,1,bahrain,not found,0,0,0,0,0
2006,2,sepang,not found,0,0,0,0,0
2006,3,albert_park,not found,0,0,0,0,0
2006,4,imola,not found,0,0,0,0,0
2006,5,nurburgring,not found,0,0,0,0,0
2006,6,catalunya,not found,0,0,0,0,0
2006,7,monaco,not found,0,0,0,0,0
2006,8,silverstone,not found,0,0,0,0,0
2006,9,villeneuve,not found,0,0,0,0,0
2006,10,indianapolis,not found,0,0,0,0,0
2006,11,magny_cours,not found,0,0,0,0,0
2006,12,hockenheimring,not found,0,0,0,0,0
2006,13,hungaroring,not found,0,0,0,0,0
2006,14,istanbul,not found,0,0,0,0,0
2006,15,monza,not found,0,0,0,0,0
2006,16,shanghai,not found,0,0,0,0,0
2006,17,suzuka,not found,0,0,0,0,0
2006,18,interlagos,not found,0,0,0,0,0
2007,1,albert_park,not found,0,0,0,0,0
2007,2,sepang,not found,0,0,0,0,0
2007,3,bahrain,not found,0,0,0,0,0
2007,4,catalunya,not found,0,0,0,0,0
2007,5,monaco,not found,0,0,0,0,0
2007,6,villeneuve,not found,0,0,0,0,0
2007,7,indianapolis,not found,0,0,0,0,0
2007,8,magny_cours,not found,0,0,0,0,0
2007,9,silverstone,not found,0,0,0,0,0
2007,10,nurburgring,not found,0,0,0,0,0
2007,11,hungaroring,not found,0,0,0,0,0
2007,12,istanbul,not found,0,0,0,0,0
2007,13,monza,not found,0,0,0,0,0
2007,14,spa,not found,0,0,0,0,0
2007,15,fuji,not found,0,0,0,0,0
2007,16,shanghai,not found,0,0,0,0,0
2007,17,interlagos,not found,0,0,0,0,0
2008,1,albert_park,not found,0,0,0,0,0
2008,2,sepang,not found,0,0,0,0,0
2008,3,bahrain,not found,0,0,0,0,0
2008,4,catalunya,not found,0,0,0,0,0
2008,5,istanbul,not found,0,0,0,0,0
2008,6,monaco,not found,0,0,0,0,0
2008,7,villeneuve,not found,0,0,0,0,0
2008,8,magny_cours,not found,0,0,0,0,0
2008,9,silverstone,not found,0,0,0,0,0
2008,10,hockenheimring,not found,0,0,0,0,0
2008,11,hungaroring,not found,0,0,0,0,0
2008,12,valencia,not found,0,0,0,0,0
2008,13,spa,not found,0,0,0,0,0
2008,14,monza,not found,0,0,0,0,0
2008,15,marina_bay,not found,0,0,0,0,0
2008,16,fuji,not found,0,0,0,0,0
2008,17,shanghai,not found,0,0,0,0,0
2008,18,interlagos,not found,0,0,0,0,0
2009,1,albert_park,not found,0,0,0,0,0
2009,2,sepang,not found,0,0,0,0,0
2009,3,shanghai,not found,0,0,0,0,0
2009,4,bahrain,not found,0,0,0,0,0
2009,5,catalunya,not found,0,0,0,0,0
2009,6,monaco,not found,0,0,0,0,0
2009,7,istanbul,not found,0,0,0,0,0
2009,8,silverstone,not found,0,0,0,0,0
2009,9,nurburgring,not found,0,0,0,0,0
2009,10,hungaroring,not found,0,0,0,0,0
2009,11,valencia,not found,0,0,0,0,0
2009,12,spa,not found,0,0,0,0,0
2009,13,monza,not found,0,0,0,0,0
2009,14,marina_bay,not found,0,0,0,0,0
2009,15,suzuka,not found,0,0,0,0,0
2009,16,interlagos,not found,0,0,0,0,0
2009,17,yas_marina,not found,0,0,0,0,0
2010,1,bahrain,not found,0,0,0,0,0
2010,2,albert_park,not found,0,0,0,0,0
2010,3,sepang,not found,0,0,0,0,0
2010,4,shanghai,not found,0,0,0,0,0
2010,5,catalunya,not found,0,0,0,0,0
2010,6,monaco,not found,0,0,0,0,0
2010,7,istanbul,not found,0,0,0,0,0
2010,8,villeneuve,not found,0,0,0,0,0
2010,9,valencia,not found,0,0,0,0,0
2010,10,silverstone,not found,0,0,0,0,0
2010,11,hockenheimring,not found,0,0,0,0,0
2010,12,hungaroring,not found,0,0,0,0,0
2010,13,spa,not found,0,0,0,0,0
2010,14,monza,not found,0,0,0,0,0
2010,15,marina_bay,not found,0,0,0,0,0
2010,16,suzuka,not found,0,0,0,0,0
2010,17,yeongam,not found,0,0,0,0,0
2010,18,interlagos,not found,0,0,0,0,0
2010,19,yas_marina,not found,0,0,0,0,0
2011,1,albert_park,not found,0,0,0,0,0
2011,2,sepang,not found,0,0,0,0,0
2011,3,shanghai,not found,0,0,0,0,0
2011,4,istanbul,not found,0,0,0,0,0
2011,5,catalunya,not found,0,0,0,0,0
2011,6,monaco,not found,0,0,0,0,0
2011,7,villeneuve,not found,0,0,0,0,0
2011,8,valencia,not found,0,0,0,0,0
2011,9,silverstone,not found,0,0,0,0,0
2011,10,nurburgring,not found,0,0,0,0,0
2011,11,hungaroring,not found,0,0,0,0,0
2011,12,spa,not found,0,0,0,0,0
2011,13,monza,not found,0,0,0,0,0
2011,14,marina_bay,not found,0,0,0,0,0
2011,15,suzuka,not found,0,0,0,0,0
2011,16,yeongam,not found,0,0,0,0,0
2011,17,buddh,not found,0,0,0,0,0
2011,18,yas_marina,not found,0,0,0,0,0
2011,19,interlagos,not found,0,0,0,0,0
2012,1,albert_park,not found,0,0,0,0,0
2012,2,sepang,not found,0,0,0,0,0
2012,3,shanghai,not found,0,0,0,0,0
2012,4,bahrain,not found,0,0,0,0,0
2012,5,catalunya,not found,0,0,0,0,0
2012,6,monaco,not found,0,0,0,0,0
2012,7,villeneuve,not found,0,0,0,0,0
2012,8,valencia,not found,0,0,0,0,0
2012,9,silverstone,not found,0,0,0,0,0
2012,10,hockenheimring,not found,0,0,0,0,0
2012,11,hungaroring,not found,0,0,0,0,0
2012,12,spa,not found,0,0,0,0,0
2012,13,monza,not found,0,0,0,0,0
2012,14,marina_bay,not found,0,0,0,0,0
2012,15,suzuka,not found,0,0,0,0,0
2012,16,yeongam,not found,0,0,0,0,0
2012,17,buddh,not found,0,0,0,0,0
2012,18,yas_marina,not found,0,0,0,0,0
2012,19,americas,not found,0,0,0,0,0
2012,20,interlagos,not found,0,0,0,0,0
2013,1,albert_park,not found,0,0,0,0,0
2013,2,sepang,not found,0,0,0,0,0
2013,3,shanghai,not found,0,0,0,0,0
2013,4,bahrain,not found,0,0,0,0,0
2013,5,catalunya,not found,0,0,0,0,0
2013,6,monaco,not found,0,0,0,0,0
2013,7,villeneuve,not found,0,0,0,0,0
2013,8,silverstone,not found,0,0,0,0,0
2013,9,nurburgring,not found,0,0,0,0,0
2013,10,hungaroring,not found,0,0,0,0,0
2013,11,spa,not found,0,0,0,0,0
2013,12,monza,not found,0,0,0,0,0
2013,13,marina_bay,not found,0,0,0,0,0
2013,14,yeongam,not found,0,0,0,0,0
2013,15,suzuka,not found,0,0,0,0,0
2013,16,buddh,not found,0,0,0,0,0
2013,17,yas_marina,not found,0,0,0,0,0
2013,18,americas,not found,0,0,0,0,0
2013,19,interlagos,not found,0,0,0,0,0
2014,1,albert_park,not found,0,0,0,0,0
2014,2,sepang,not found,0,0,0,0,0
2014,3,bahrain,not found,0,0,0,0,0
2014,4,shanghai,not found,0,0,0,0,0
2014,5,catalunya,not found,0,0,0,0,0
2014,6,monaco,not found,0,0,0,0,0
2014,7,villeneuve,not found,0,0,0,0,0
2014,8,red_bull_ring,not found,0,0,0,0,0
2014,9,silverstone,not found,0,0,0,0,0
2014,10,hockenheimring,not found,0,0,0,0,0
2014,11,hungaroring,not found,0,0,0,0,0
2014,12,spa,not found,0,0,0,0,0
2014,13,monza,not found,0,0,0,0,0
2014,14,marina_bay,not found,0,0,0,0,0
2014,15,suzuka,not found,0,0,0,0,0
2014,16,sochi,not found,0,0,0,0,0
2014,17,americas,not found,0,0,0,0,0
2014,18,interlagos,not found,0,0,0,0,0
2014,19,yas_marina,not found,0,0,0,0,0
2015,1,albert_park,not found,0,0,0,0,0
2015,2,sepang,not found,0,0,0,0,0
2015,3,shanghai,not found,0,0,0,0,0
2015,4,bahrain,not found,0,0,0,0,0
2015,5,catalunya,not found,0,0,0,0,0
2015,6,monaco,not found,0,0,0,0,0
2015,7,villeneuve,not found,0,0,0,0,0
2015,8,red_bull_ring,not found,0,0,0,0,0
2015,9,silverstone,not found,0,0,0,0,0
2015,10,hungaroring,not found,0,0,0,0,0
2015,11,spa,not found,0,0,0,0,0
2015,12,monza,not found,0,0,0,0,0
2015,13,marina_bay,not found,0,0,0,0,0
2015,14,suzuka,not found,0,0,0,0,0
2015,15,sochi,not found,0,0,0,0,0
2015,16,americas,not found,0,0,0,0,0
2015,17,rodriguez,not found,0,0,0,0,0
2015,18,interlagos,not found,0,0,0,0,0
2015,19,yas_marina,not found,0,0,0,0,0
2016,1,albert_park,not found,0,0,0,0,0
2016,2,bahrain,not found,0,0,0,0,0
2016,3,shanghai,not found,0,0,0,0,0
2016,4,sochi,not found,0,0,0,0,0
2016,5,catalunya,not found,0,0,0,0,0
2016,6,monaco,not found,0,0,0,0,0
2016,7,villeneuve,not found,0,0,0,0,0
2016,8,BAK,not found,0,0,0,0,0
2016,9,red_bull_ring,not found,0,0,0,0,0
2016,10,silverstone,not found,0,0,0,0,0
2016,11,hungaroring,not found,0,0,0,0,0
2016,12,hockenheimring,not found,0,0,0,0,0
2016,13,spa,not found,0,0,0,0,0
2016,14,monza,not found,0,0,0,0,0
2016,15,marina_bay,not found,0,0,0,0,0
2016,16,sepang,not found,0,0,0,0,0
2016,17,suzuka,not found,0,0,0,0,0
2016,18,americas,not found,0,0,0,0,0
2016,19,rodriguez,not found,0,0,0,0,0
2016,20,interlagos,not found,0,0,0,0,0
2016,21,yas_marina,not found,0,0,0,0,0
2017,1,albert_park,not found,0,0,0,0,0
2017,2,shanghai,not found,0,0,0,0,0
2017,3,bahrain,not found,0,0,0,0,0
2017,4,sochi,not found,0,0,0,0,0
2017,5,catalunya,not found,0,0,0,0,0
2017,6,monaco,not found,0,0,0,0,0
2017,7,villeneuve,not found,0,0,0,0,0
2017,8,BAK,not found,0,0,0,0,0
2017,9,red_bull_ring,not found,0,0,0,0,0
2017,10,silverstone,not found,0,0,0,0,0
2017,11,hungaroring,not found,0,0,0,0,0
2017,12,spa,not found,0,0,0,0,0
2017,13,monza,not found,0,0,0,0,0
2017,14,marina_bay,not found,0,0,0,0,0
2017,15,sepang,not found,0,0,0,0,0
2017,16,suzuka,not found,0,0,0,0,0
2017,17,americas,not found,0,0,0,0,0
2017,18,rodriguez,not found,0,0,0,0,0
2017,19,interlagos,not found,0,0,0,0,0
2017,20,yas_marina,not found,0,0,0,0,0
2018,1,albert_park,not found,0,0,0,0,0
2018,2,bahrain,not found,0,0,0,0,0
2018,3,shanghai,not found,0,0,0,0,0
2018,4,BAK,not found,0,0,0,0,0
2018,5,catalunya,not found,0,0,0,0,0
2018,6,monaco,not found,0,0,0,0,0
2018,7,villeneuve,not found,0,0,0,0,0
2018,8,ricard,not found,0,0,0,0,0
2018,9,red_bull_ring,not found,0,0,0,0,0
2018,10,silverstone,not found,0,0,0,0,0
2018,11,hockenheimring,not found,0,0,0,0,0
2018,12,hungaroring,not found,0,0,0,0,0
2018,13,spa,not found,0,0,0,0,0
2018,14,monza,not found,0,0,0,0,0
2018,15,marina_bay,not found,0,0,0,0,0
2018,16,sochi,not found,0,0,0,0,0
2018,17,suzuka,not found,0,0,0,0,0
2018,18,americas,not found,0,0,0,0,0
2018,19,rodriguez,not found,0,0,0,0,0
2018,20,interlagos,not found,0,0,0,0,0
2018,21,yas_marina,not found,0,0,0,0,0
2019,1,albert_park,not found,0,0,0,0,0
2019,2,bahrain,not found,0,0,0,0,0
2019,3,shanghai,not found,0,0,0,0,0
2019,4,BAK,not found,0,0,0,0,0
2019,5,catalunya,not found,0,0,0,0,0
2019,6,monaco,not found,0,0,0,0,0
2019,7,villeneuve,not found,0,0,0,0,0
2019,8,ricard,not found,0,0,0,0,0
2019,9,red_bull_ring,not found,0,0,0,0,0
2019,10,silverstone,not found,0,0,0,0,0
2019,11,hockenheimring,not found,0,0,0,0,0
2019,12,hungaroring,not found,0,0,0,0,0
2019,13,spa,not found,0,0,0,0,0
2019,14,monza,not found,0,0,0,0,0
2019,15,marina_bay,not found,0,0,0,0,0
2019,16,sochi,not found,0,0,0,0,0
2019,17,suzuka,not found,0,0,0,0,0
2019,18,rodriguez,not found,0,0,0,0,0
2019,19,americas,not found,0,0,0,0,0
2019,20,interlagos,not found,0,0,0,0,0
2019,21,yas_marina,not found,0,0,0,0,0
